-- MySQL dump 10.13  Distrib 5.6.44, for Win64 (x86_64)
--
-- Host: localhost    Database: yueqianqian2
-- ------------------------------------------------------
-- Server version	5.6.44-log

/*!40101 SET @OLD_CHARACTER_SET_CLIENT=@@CHARACTER_SET_CLIENT */;
/*!40101 SET @OLD_CHARACTER_SET_RESULTS=@@CHARACTER_SET_RESULTS */;
/*!40101 SET @OLD_COLLATION_CONNECTION=@@COLLATION_CONNECTION */;
/*!40101 SET NAMES utf8mb4 */;
/*!40103 SET @OLD_TIME_ZONE=@@TIME_ZONE */;
/*!40103 SET TIME_ZONE='+00:00' */;
/*!40014 SET @OLD_UNIQUE_CHECKS=@@UNIQUE_CHECKS, UNIQUE_CHECKS=0 */;
/*!40014 SET @OLD_FOREIGN_KEY_CHECKS=@@FOREIGN_KEY_CHECKS, FOREIGN_KEY_CHECKS=0 */;
/*!40101 SET @OLD_SQL_MODE=@@SQL_MODE, SQL_MODE='NO_AUTO_VALUE_ON_ZERO' */;
/*!40111 SET @OLD_SQL_NOTES=@@SQL_NOTES, SQL_NOTES=0 */;

--
-- Table structure for table `bookmark`
--

DROP TABLE IF EXISTS `bookmark`;
/*!40101 SET @saved_cs_client     = @@character_set_client */;
/*!40101 SET character_set_client = utf8 */;
CREATE TABLE `bookmark` (
  `id` int(11) NOT NULL AUTO_INCREMENT,
  `user_id` int(11) DEFAULT NULL,
  `title` varchar(255) CHARACTER SET utf8 DEFAULT NULL,
  `description` varchar(4096) CHARACTER SET utf8 DEFAULT NULL,
  `url` varchar(1024) CHARACTER SET utf8 DEFAULT NULL,
  `click_count` smallint(6) DEFAULT '0',
  `created_at` datetime DEFAULT CURRENT_TIMESTAMP,
  `last_click` datetime DEFAULT CURRENT_TIMESTAMP,
  `favicon` varchar(1024) DEFAULT NULL,
  PRIMARY KEY (`id`)
) ENGINE=InnoDB AUTO_INCREMENT=314 DEFAULT CHARSET=utf8mb4;
/*!40101 SET character_set_client = @saved_cs_client */;

--
-- Dumping data for table `bookmark`
--

LOCK TABLES `bookmark` WRITE;
/*!40000 ALTER TABLE `bookmark` DISABLE KEYS */;
INSERT INTO `bookmark` VALUES (6,1,'www.pudn.com - 程序员联合开发网 源代码数目168万个','','http://www.pudn.com/',12,'2017-01-14 11:31:06','2021-02-04 00:01:41','http://www.pudn.com/favicon.ico'),(7,1,'RQNOJ - 首页 - RenQingNet Online Judge','','http://www.rqnoj.cn/',7,'2017-01-14 11:31:06','2021-02-03 21:08:25','http://www.rqnoj.cn/favicon.ico'),(8,1,'SAO Utils &ndash; SAO风格启动菜单开发日志 | 热风CG工作室','','http://www.gpbeta.com/post/develop/sao-utils-alpha3/#more_devs',1,'2017-01-14 11:31:06','2020-02-27 07:46:52','http://www.gpbeta.com/favicon.ico'),(9,1,'文档手册中心 - ChinaUnix.net技术文档手册中心','','http://man.chinaunix.net/',1,'2017-01-14 11:31:06','2020-02-27 07:46:52','http://man.chinaunix.net/favicon.ico'),(10,1,'Unix/Linux开源世界资源链接汇总【转】_linux吧_百度贴吧','','http://tieba.baidu.com/p/2088375874',1,'2017-01-14 11:31:06','2020-02-27 07:46:52','http://tieba.baidu.com/favicon.ico'),(11,1,'Linux常用命令全集-PHP10086','','http://www.php10086.com/manual/Linux/',5,'2017-01-14 11:31:06','2021-02-04 11:27:23','http://www.php10086.com/favicon.ico'),(12,1,'LINUX命令大全-LINUX命令全集-LINUX命令-LINUX手册','','http://linux.dber.cn/',1,'2017-01-14 11:31:06','2020-02-27 07:46:52','http://linux.dber.cn/favicon.ico'),(13,1,'中国开源镜像站点汇总 - Linux Today','','http://www.linuxde.net/the_china_open_source_mirror_site',2,'2017-01-14 11:31:06','2021-02-02 22:48:37','http://www.linuxde.net/favicon.ico'),(14,1,'Linux兼容内核论坛 &bull; 查看主题 - wine qq 2012 for linux Ubuntu 64位兼容（7月19号更新）','','http://www.longene.org/forum/viewtopic.php?f=6&t=4700&start=0&st=0&sk=t&sd=a&sid=b561888e656cf205f074295037224453#p12241',1,'2017-01-14 11:31:06','2020-02-27 07:46:52','http://www.longene.org/favicon.ico'),(15,1,'LinuxTOY','','http://linuxtoy.org/',3,'2017-01-14 11:31:06','2021-02-04 11:27:08','http://linuxtoy.org/favicon.ico'),(16,1,'Eyecandy for your GNOME-Desktop - GNOME-Look.org','','http://gnome-look.org/?xcontentmode=191',1,'2017-01-14 11:31:06','2020-02-27 07:46:52','http://gnome-look.org/favicon.ico'),(17,1,'开源中国 - 找到您想要的开源项目，分享和交流','','http://www.oschina.net/',1,'2017-01-14 11:31:06','2020-02-27 07:46:52','http://www.oschina.net/favicon.ico'),(18,1,'中文说明 &middot; soimort/you-get Wiki &middot; GitHub','','https://github.com/soimort/you-get/wiki/%E4%B8%AD%E6%96%87%E8%AF%B4%E6%98%8E',1,'2017-01-14 11:31:06','2020-02-27 07:46:52','https://github.com/favicon.ico'),(19,1,'【单片机/物联网】用Eclipse做单片机开发(eclipse安装 keil MDK图解）','','http://golang.usr.cc/thread-52410-1-1.html',2,'2017-01-14 11:31:06','2021-02-01 23:01:07','http://golang.usr.cc/favicon.ico'),(20,1,'GNU Project Archives','','http://ftp.gnu.org/',1,'2017-01-14 11:31:06','2020-02-27 07:46:52','http://ftp.gnu.org/favicon.ico'),(21,1,'hurley25/vim-set &middot; GitHub','','https://github.com/hurley25/vim-set',1,'2017-01-14 11:31:06','2020-02-27 07:46:52','https://github.com/favicon.ico'),(22,1,'date 命令实现源码分析 - 海王 - 博客园','','http://www.cnblogs.com/leaven/archive/2010/09/09/1821939.html',1,'2017-01-14 11:31:06','2020-02-27 07:46:52','http://www.cnblogs.com/favicon.ico'),(24,1,'Linux内核之旅','','http://www.kerneltravel.net/',1,'2017-01-14 11:31:06','2020-02-27 07:46:52','http://www.kerneltravel.net/favicon.ico'),(26,1,'VMware虚拟机可以上网，但物理机（主机，Host）不能，让物理机通过虚拟机共享上网的一个例子 - 还是刀哥靠谱 - 博客园','','http://www.cnblogs.com/heiing/archive/2011/06/15/2081780.html',1,'2017-01-14 11:31:06','2020-02-27 07:46:52','http://www.cnblogs.com/favicon.ico'),(27,1,'Linux.CN-我们的Linux中文社区','','http://linux.cn/portal.php',1,'2017-01-14 11:31:06','2020-02-27 07:46:52','http://linux.cn/favicon.ico'),(28,1,'Linux中国-我们的Linux中文社区','','http://linux.cn/',1,'2017-01-14 11:31:06','2020-02-27 07:46:52','http://linux.cn/favicon.ico'),(29,1,'Wiki使用方法 - Ubuntu中文','','http://wiki.ubuntu.org.cn/Category:%E8%B4%A1%E7%8C%AE',2,'2017-01-14 11:31:06','2021-02-04 11:28:33','http://wiki.ubuntu.org.cn/favicon.ico'),(30,1,'Mediawiki - Ubuntu中文','','http://wiki.ubuntu.org.cn/Mediawiki#.E5.88.A0.E9.99.A4.E5.8E.86.E5.8F.B2.E6.8F.92.E4.BB.B6',1,'2017-01-14 11:31:06','2020-02-27 07:46:52','http://wiki.ubuntu.org.cn/favicon.ico'),(35,1,'中国电子技术论坛 - 最好最受欢迎电子论坛!','','http://bbs.elecfans.com/',1,'2017-01-14 11:31:06','2020-02-27 07:46:52','http://bbs.elecfans.com/favicon.ico'),(36,1,'EEWORLD论坛-中国最好的电子工程师论坛,电子系统设计师论坛','','http://home.eeworld.com.cn/forum.html',1,'2017-01-14 11:31:06','2020-02-27 07:46:52','http://home.eeworld.com.cn/favicon.ico'),(38,1,'TI技术论坛 - 电子工程世界-论坛 中国最火的电子工程师交流社区','','http://bbs.eeworld.com.cn/forum-154-1.html',1,'2017-01-14 11:31:06','2020-02-27 07:46:52','http://bbs.eeworld.com.cn/favicon.ico'),(44,1,'Ubuntu 10.04下FireFox+VirtualBox+WINXP+CCProxy+闪讯通过虚拟机代理实现Ubuntu上网 - 福雷斯特的日志 - 网易博客','','http://blog.163.com/jilianglijie@126/blog/static/1360525982011996270753/',2,'2017-01-14 11:31:06','2021-02-03 20:33:41','http://blog.163.com/favicon.ico'),(48,1,'罗塞塔石碑只为学习的学习资料仓库','','http://xiuluocj.400gb.com/u/4735257/7523771',2,'2017-01-14 11:31:06','2021-02-04 11:28:42','http://xiuluocj.400gb.com/favicon.ico'),(50,1,'LabVIEW视频教程__观看下载_大学生自学网','','http://v.dxsbb.com/jisuanji/557/#Introduce',1,'2017-01-14 11:31:06','2020-02-27 07:46:52','http://v.dxsbb.com/favicon.ico'),(51,1,'小木虫论坛 - 学术科研第一站','','http://emuch.net/bbs/index.php',2,'2017-01-14 11:31:06','2021-02-04 11:29:10','http://emuch.net/favicon.ico'),(52,1,'位运算有什么奇技淫巧？ - 知乎','','http://www.zhihu.com/question/38206659',1,'2017-01-14 11:31:06','2020-02-27 07:46:52','http://www.zhihu.com/favicon.ico'),(53,1,'新东方论坛_新东方英语学习论坛_新东方社区-新东方教育官方论坛 - Powered by Discuz!','','http://home.xdf.cn/forum.php',1,'2017-01-14 11:31:06','2020-02-27 07:46:52','http://home.xdf.cn/favicon.ico'),(54,1,'图灵社区','','http://www.ituring.com.cn/',1,'2017-01-14 11:31:06','2020-02-27 07:46:52','http://www.ituring.com.cn/favicon.ico'),(57,1,'2次方,二次方,ios开发教程,c语言视频教程,网络安全技术分享','','http://www.2cifang.com/',4,'2017-01-14 11:31:06','2021-02-05 12:33:05','http://www.2cifang.com/favicon.ico'),(58,1,'LingQ Learning Languages Simply','','https://www.lingq.com/learn/en/web/#/feed',1,'2017-01-14 11:31:06','2020-02-27 07:46:52','https://www.lingq.com/favicon.ico'),(62,1,'JavaFX中文、OSGi教程、Eclipse开源资料','','http://www.javafxchina.net/blog/',1,'2018-01-08 12:55:18','2020-02-27 07:46:52','http://www.javafxchina.net/favicon.ico'),(63,1,'撤销修改 - 廖雪峰的官方网站','','https://www.liaoxuefeng.com/wiki/0013739516305929606dd18361248578c67b8067c8c017b000/001374831943254ee90db11b13d4ba9a73b9047f4fb968d000',1,'2018-07-29 22:54:42','2020-02-27 07:46:52','https://www.liaoxuefeng.com/favicon.ico'),(64,1,'justjavac/free-programming-books-zh_CN: 免费的计算机编程类中文书籍，欢迎投稿','','https://github.com/justjavac/free-programming-books-zh_CN#c',2,'2019-10-19 14:49:13','2021-03-21 13:37:29','https://github.com/favicon.ico'),(65,1,'Issues · jackfrued/Python-100-Days','','https://github.com/jackfrued/Python-100-Days/issues',2,'2019-10-19 14:58:08','2021-03-21 13:37:45','https://github.com/favicon.ico'),(66,1,'learn-regex/README-cn.md at master · ziishaned/learn-regex','','https://github.com/ziishaned/learn-regex/blob/master/translations/README-cn.md',1,'2019-10-19 15:00:53','2020-02-27 07:46:52','https://github.com/favicon.ico'),(67,1,'E书吧-免费电子书下载','','http://www.eshuba.com/',1,'2017-01-14 11:31:06','2020-02-27 07:46:52','http://www.eshuba.com/favicon.ico'),(68,1,'Java知识分享网-免费Java资源下载','','http://www.java1234.com/',1,'2017-01-14 11:31:06','2020-02-27 07:46:52','http://www.java1234.com/favicon.ico'),(69,1,'下图书 | 高清电子书PDF免费下载','','http://www.xiatushu.com/',1,'2017-01-14 11:31:06','2020-02-27 07:46:52','http://www.xiatushu.com/favicon.ico'),(70,1,'苦瓜书盘','','http://kgbook.com/',1,'2017-01-14 11:31:06','2020-02-27 07:46:52','http://kgbook.com/favicon.ico'),(71,1,'Explore - GitBook','','https://www.gitbook.com/explore?page=1',1,'2017-01-14 11:31:06','2020-02-27 07:46:52','https://www.gitbook.com/favicon.ico'),(72,1,'计算机书籍控','','http://bestcbooks.com/',1,'2017-01-14 11:31:06','2020-02-27 07:46:52','http://bestcbooks.com/favicon.ico'),(73,1,'Kindle114 资源集结计划 by it-ebooks','','http://kindle115.com/',1,'2017-01-14 11:31:06','2020-02-27 07:46:52','http://kindle115.com/favicon.ico'),(74,1,'Kobo H2O 汇总教程 + 網盤合集 (升級/破解/漢語顯示/待機壁紙/中文書架)Ext.有問必答 - E-INK - Geek Talks · 奇客怪谈 - Hi!PDA Hi!PDA','','http://www.hi-pda.com/forum/viewthread.php?tid=1560284&extra=&page=1',1,'2017-01-14 11:31:06','2020-02-27 07:46:52','http://www.hi-pda.com/favicon.ico'),(75,1,'我爱Kindle-免费的电子书共享平台','','http://52kindle.top/',1,'2017-01-14 11:31:06','2020-02-27 07:46:52','http://52kindle.top/favicon.ico'),(76,1,'计算机电子书','','http://it-ebooks.flygon.net/',1,'2017-01-14 11:31:06','2020-02-27 07:46:52','http://it-ebooks.flygon.net/favicon.ico'),(77,1,'Send 2 Boox推送','','http://send2boox.com/',1,'2017-03-31 20:32:42','2020-02-27 07:46:52','http://send2boox.com/favicon.ico'),(78,1,'PDF Drive - Search and download PDF files for free.','','https://www.pdfdrive.com/',1,'2017-04-03 13:34:47','2020-02-27 07:46:52','https://www.pdfdrive.com/favicon.ico'),(79,1,'周读：提供免费电子书下载、分享。包括mobi、epud、pdf、txt格式，kindle电子书下载 - 周读','','http://www.ireadweek.com/index.php/Index/index.html',1,'2018-07-29 14:49:26','2020-02-27 07:46:52','http://www.ireadweek.com/favicon.ico'),(119,1,'K2p「集合贴」大神主页大全，固件更新地址大全，闪存布局大全，常见故障以及解决方... - 斐讯版面（未经论坛许可请勿发布广告） - 恩山无线论坛 - Powered by Discuz!','','https://www.right.com.cn/forum/thread-307620-1-1.html',2,'2018-12-01 13:41:11','2020-04-19 19:03:44','https://www.right.com.cn/favicon.ico'),(120,1,'Releases · fatedier/frp · GitHub','','https://github.com/fatedier/frp/releases',2,'2018-12-09 12:40:56','2020-04-21 11:36:02','https://github.com/favicon.ico'),(121,1,'如何用 Frp 实现外网访问群晖 NAS - 运维 - SegmentFault 思否','','https://segmentfault.com/a/1190000009895225',1,'2018-12-09 12:54:28','2020-02-27 07:46:52','https://segmentfault.com/favicon.ico'),(122,1,'轻量应用服务器管理控制台','','https://swas.console.aliyun.com/?spm=5176.2020520101.aliyun_sidebar.12.424c4df5reLoye#/server/6b21154abb9246bea6deb23ab879357d/cn-hongkong/dashboard',1,'2019-01-11 20:47:34','2020-02-27 07:46:52','https://swas.console.aliyun.com/favicon.ico'),(136,1,'战舰STM32做的万年历(有图有程序)串口2(PA2 PA3)用于调整时间 - STM32-F0/F1/F2专区 - OpenEdv-开源电子网','','http://www.openedv.com/posts/list/27941.htm',1,'2017-01-14 11:31:06','2020-02-27 07:46:52','http://www.openedv.com/favicon.ico'),(137,1,'为爱而生，可互动的时尚智能手表，180天超长续航','','http://hi.taobao.com/market/hi/detail2014.php?spm=a215p.1472805.0.0.nVzhx7&id=25065',2,'2017-01-14 11:31:06','2021-02-04 10:15:18','http://hi.taobao.com/favicon.ico'),(138,1,'PCF8563实时时钟芯片51单片机简单例程 - 单片机DIY制作 单片机论坛','','http://www.51hei.com/bbs/dpj-30981-1.html',1,'2017-01-14 11:31:06','2020-02-27 07:46:52','http://www.51hei.com/favicon.ico'),(153,1,'AcFun弹幕视频网','','http://www.acfun.tv/',1,'2017-01-14 11:31:06','2020-02-27 07:46:52','http://www.acfun.tv/favicon.ico'),(154,1,'Chatroulette','','http://www.chatroulette.com/',1,'2017-01-14 11:31:06','2020-02-27 07:46:52','http://www.chatroulette.com/favicon.ico'),(155,1,'嗶哩嗶哩 - ( ゜- ゜)つロ 乾杯~ - bilibili.tv','','http://www.bilibili.tv/',1,'2017-01-14 11:31:06','2020-02-27 07:46:52','http://www.bilibili.tv/favicon.ico'),(156,1,'FLVCD - 硕鼠官网|FLV下载','','http://www.flvcd.com/index.htm',1,'2017-01-14 11:31:06','2020-02-27 07:46:52','http://www.flvcd.com/favicon.ico'),(157,1,'最新电影下载，最新电视剧下载，高清电影下载，免费电影下载，6v电影下载网（旧版66影视）','','http://www.6vdy.com/',1,'2017-01-14 11:31:06','2020-02-27 07:46:52','http://www.6vdy.com/favicon.ico'),(158,1,'BT天堂 - bt电影下载','','http://www.bttiantang.com/',1,'2017-01-14 11:31:06','2020-02-27 07:46:52','http://www.bttiantang.com/favicon.ico'),(159,1,'8小时内最尴尬糗事 :: 糗事百科 :: 快乐减压 健康生活','','http://www.qiushibaike.com/',1,'2017-01-14 11:31:06','2020-02-27 07:46:52','http://www.qiushibaike.com/favicon.ico'),(160,1,'Minefield, HTML5 Massively Multiplayer Online Minesweeper','','http://mienfield.com/-1404997987_1400115962',1,'2017-01-14 11:31:06','2020-02-27 07:46:52','http://mienfield.com/favicon.ico'),(161,1,'图标下载，ICON(PNG/ICO/ICNS)图标搜索下载 | EASYICON.NET','','http://www.easyicon.net/',1,'2017-01-14 11:31:06','2020-02-27 07:46:52','http://www.easyicon.net/favicon.ico'),(162,1,'网盘搜索，盘搜一下','','http://www.pansou.com/',1,'2017-01-14 11:31:06','2020-02-27 07:46:52','http://www.pansou.com/favicon.ico'),(163,1,'新视觉影院','','http://www.yy6080.org/',1,'2017-01-14 11:31:06','2020-02-27 07:46:52','http://www.yy6080.org/favicon.ico'),(164,1,'国外网站推荐-分享互联网-外国网站大全','','http://www.egouz.com/',1,'2017-01-14 11:31:06','2020-02-27 07:46:52','http://www.egouz.com/favicon.ico'),(165,1,'StarLive 星舞台','','http://starlive.com/',1,'2017-01-14 11:31:06','2020-02-27 07:46:52','http://starlive.com/favicon.ico'),(166,1,'【繁星】恩施旅游攻略——你来到我的城市','','http://weibo.com/ttarticle/p/show?id=2309404027515248193915&sudaref=tieba.baidu.com&retcode=6102',2,'2017-01-14 11:31:06','2021-03-21 13:39:02','http://weibo.com/favicon.ico'),(167,1,'首页 - BD影视分享 - 最新高清电影资源免费下载','','https://www.bd-film.cc/',1,'2019-09-27 22:49:28','2020-02-27 07:46:52','https://www.bd-film.cc/favicon.ico'),(168,1,'PDF转换问题的免费解决方案','','http://smallpdf.com/cn',1,'2017-01-14 11:31:06','2020-02-27 07:46:52','http://smallpdf.com/favicon.ico'),(169,1,'你注册过哪些网站？一搜便知 - REG007','','http://www.reg007.com/',2,'2017-01-14 11:31:06','2020-04-19 20:21:15','http://www.reg007.com/favicon.ico'),(171,1,'你见过哪些令你瞠目结舌的C/C++代码技巧？ - 知乎','','http://www.zhihu.com/question/37692782#answer-24743824',1,'2017-01-14 11:31:06','2020-02-27 07:46:52','http://www.zhihu.com/favicon.ico'),(174,1,'多个地点Ping服务器,网站测速 - 站长工具','','http://ping.chinaz.com/',1,'2017-01-14 11:31:06','2020-02-27 07:46:52','http://ping.chinaz.com/favicon.ico'),(175,1,'E-INK - Geek Talks · 奇客怪谈 - Hi!PDA Hi!PDA','','http://www.hi-pda.com/forum/forumdisplay.php?fid=59&filter=type&typeid=80',1,'2017-01-14 11:31:06','2020-02-27 07:46:52','http://www.hi-pda.com/favicon.ico'),(176,1,'Kobo H2O 汇总教程 + 網盤合集 (升級/破解/漢語顯示/待機壁紙/中文書架)Ext.有問必答 - E-INK - Geek Talks · 奇客怪谈 - Hi!PDA Hi!PDA','','http://www.hi-pda.com/forum/viewthread.php?tid=1560284',1,'2017-01-14 11:31:06','2020-02-27 07:46:52','http://www.hi-pda.com/favicon.ico'),(177,1,'Kobo-3.19.5761定制版（理论支持Glo/Aura HD/Glo HD/Aura H2O）_kobo吧_百度贴吧','','http://tieba.baidu.com/p/4529273651',1,'2017-01-14 11:31:06','2020-02-27 07:46:52','http://tieba.baidu.com/favicon.ico'),(179,1,'NIST: Atomic Spectra Database Lines Form','','http://physics.nist.gov/PhysRefData/ASD/lines_form.html',1,'2017-01-14 11:31:06','2020-02-27 07:46:52','http://physics.nist.gov/favicon.ico'),(180,1,'用废旧智能机打造了一个性能监视器！_显卡吧_百度贴吧','','http://tieba.baidu.com/p/4773692624',1,'2017-04-12 19:26:49','2020-02-27 07:46:52','http://tieba.baidu.com/favicon.ico'),(181,1,'淘汰安卓机变身个性主机监视小系统！_图拉丁吧_百度贴吧','','http://tieba.baidu.com/p/4766820455?see_lz=1',1,'2017-04-12 19:26:53','2020-02-27 07:46:52','http://tieba.baidu.com/favicon.ico'),(182,1,'USB-LCD AX206数码相框 改 性能监控显示器 CPU占用率 上传下载网络流量_大灯脑袋上有个洞_新浪博客','','http://blog.sina.com.cn/s/blog_6566538d0102ws1s.html',1,'2017-04-13 11:45:32','2020-02-27 07:46:52','http://blog.sina.com.cn/favicon.ico'),(184,1,'USB-LCD?AX206数码相框?改?性能监控显示器?CPU占用率?上传下载网络流量_大灯脑袋上有个洞_新浪博客','','http://blog.sina.com.cn/s/blog_6566538d0102ws1s.html',1,'2017-04-13 11:45:32','2020-02-27 07:46:52','http://blog.sina.com.cn/favicon.ico'),(185,1,'USB-LCD?AX206数码相框?改?性能监控显示器?CPU占用率?上传下载网络流量_大灯脑袋上有个洞_新浪博客','','http://blog.sina.com.cn/s/blog_6566538d0102ws1s.html',1,'2017-04-13 11:45:32','2020-02-27 07:46:52','http://blog.sina.com.cn/favicon.ico'),(186,1,'CSkin - 官方网站 C#/.Net Winform界面库','','http://www.cskin.net/',1,'2017-01-14 11:31:06','2020-02-27 07:46:52','http://www.cskin.net/favicon.ico'),(187,1,'DSkin界面库 - 官方网站 C#/.Net Winform界面库','','http://d.cskin.net/default.aspx',1,'2017-01-14 11:31:06','2020-02-27 07:46:52','http://d.cskin.net/favicon.ico'),(188,1,'炫彩界面库 - 软件界面开发框架','','http://www.xcgui.com/home.html',1,'2017-01-14 11:31:06','2020-02-27 07:46:52','http://www.xcgui.com/favicon.ico'),(189,1,'C#实现程序的版本升级更新 - Who【文】 - 博客频道 - CSDN.NET','','http://blog.csdn.net/whowhen21/article/details/5391879',1,'2017-04-19 19:42:55','2020-02-27 07:46:52','http://blog.csdn.net/favicon.ico'),(190,1,'.NET Framework 4','','https://msdn.microsoft.com/zh-cn/library/w0x726c2(v=vs.100).aspx',1,'2017-04-28 13:53:53','2020-02-27 07:46:52','https://msdn.microsoft.com/favicon.ico'),(191,1,'精品绿色便携软件 - 追求绿色便携理念，打造清爽干净系统！','','http://www.portablesoft.org/',2,'2017-01-14 11:31:06','2020-04-19 20:43:53','http://www.portablesoft.org/favicon.ico'),(192,1,'小众软件','','http://www.appinn.com/',2,'2017-01-14 11:31:06','2020-04-05 19:35:10','http://www.appinn.com/favicon.ico'),(193,1,'【正版中国】正版软件限时免费','','http://getitfree.cn/',5,'2017-01-14 11:31:06','2020-04-19 20:26:15','http://getitfree.cn/favicon.ico'),(194,1,'工具 - xposed框架 - 安卓软件 - 手机软件','','http://soft.shouji.com.cn/sort/android.jsp?subid=3068',1,'2017-01-14 11:31:06','2020-02-27 07:46:52','http://soft.shouji.com.cn/favicon.ico'),(195,1,'绿色软件联盟','','http://www.xdowns.com/',2,'2017-01-14 11:31:06','2020-04-05 19:39:54','http://www.xdowns.com/favicon.ico'),(196,1,'zhongyang219/TrafficMonitor: 这是一个用于显示当前网速、CPU及内存利用率的桌面悬浮窗软件，并支持任务栏显示，支持更换皮肤。','','https://github.com/zhongyang219/TrafficMonitor',2,'2018-05-09 12:19:27','2020-04-05 19:40:10','https://github.com/favicon.ico'),(197,1,'CnPack 开源软件项目 - 网站首页','','http://www.cnpack.org/index.php?lang=zh-cn',2,'2018-06-06 20:17:51','2020-04-05 19:33:29','http://www.cnpack.org/favicon.ico'),(207,1,'全球主机交流论坛 - Powered by Discuz!','','http://www.hostloc.com/forum.php',1,'2017-05-02 13:34:44','2020-02-27 07:46:52','http://www.hostloc.com/favicon.ico'),(208,1,'MoeNetwork/Tieba-Cloud-Sign: 百度贴吧云签到，在服务器上配置好就无需进行任何操作便可以实现贴吧的全自动签到。配合插件使用还可实现云灌水、点赞、封禁、删帖、审查等功能 http://zhizhe8.net','','https://github.com/MoeNetwork/Tieba-Cloud-Sign',1,'2018-01-10 19:08:52','2020-02-27 07:46:52','https://github.com/favicon.ico'),(209,1,'国外主机测评-国外VPS，国外服务器，国外主机，测评及优惠码','','https://www.zhujiceping.com/',1,'2018-02-18 09:46:18','2020-02-27 07:46:52','https://www.zhujiceping.com/favicon.ico'),(234,1,'android-best-practices/README.cn.md at master · futurice/android-best-practices','','https://github.com/futurice/android-best-practices/blob/master/translations/Chinese/README.cn.md',1,'2020-02-24 19:43:48','2020-02-27 07:46:52','https://github.com/favicon.ico'),(235,1,'Android开发之React Navigation 导航栏样式调整+底部角标消息提示_Android_脚本之家','','https://www.jb51.net/article/160840.htm',2,'2020-02-24 19:44:33','2020-02-29 08:03:28','https://www.jb51.net/favicon.ico'),(236,1,'Android新特性介绍，ConstraintLayout完全解析_移动开发_郭霖的专栏-CSDN博客','','https://blog.csdn.net/guolin_blog/article/details/53122387',1,'2020-02-26 19:50:11','2020-02-27 07:46:52','https://blog.csdn.net/favicon.ico'),(237,1,'Linux Centos 下安装npm 实测可用_运维_qq874455953-CSDN博客','','https://blog.csdn.net/qq874455953/article/details/85035364',1,'2020-02-26 23:21:18','2020-02-27 07:46:52','https://blog.csdn.net/favicon.ico'),(241,1,'Debian8安装OpenMediaVault3组建家庭NAS - 吐泡泡的虾 - 博客园','','https://www.cnblogs.com/ToddleLobster/p/7988563.html',1,'2018-12-12 22:46:56','2020-02-27 07:46:52','https://www.cnblogs.com/favicon.ico'),(242,1,'树莓派|树莓派自建 NAS 云盘之——数据自动备份','','https://linux.cn/article-10112-1.html',1,'2018-12-15 11:45:51','2020-02-27 07:46:52','https://linux.cn/favicon.ico'),(243,1,'树莓派|树莓派自建 NAS 云盘之——云盘构建','','https://linux.cn/article-10126-1.html',1,'2018-12-15 22:58:16','2020-02-27 07:46:52','https://linux.cn/favicon.ico'),(244,1,'技术|Linux应用总结：自动删除n天前日志','','https://linux.cn/article-1139-1-rel.html',1,'2018-12-15 23:18:26','2020-02-27 07:46:52','https://linux.cn/favicon.ico'),(245,1,'NAS进化了','','http://www.izhuyue.com/5293.html',2,'2019-08-17 17:07:32','2020-02-29 08:03:25','http://www.izhuyue.com/favicon.ico'),(246,1,'NAS云论坛-那是云论坛','','http://www.nasyun.com/go-aHR0cDovL2V2ZXJ1bi50b3A,.html',1,'2019-09-01 17:27:32','2020-02-27 07:46:52','http://www.nasyun.com/favicon.ico'),(247,1,'Proxmox VE实用技巧2：让PVE显示CPU温度状态 | everun.top','','http://everun.top/helpcenter/others/pve-tips-2.html',1,'2019-09-02 00:06:10','2020-02-27 07:46:52','http://everun.top/favicon.ico'),(249,1,'在 FreeSSL 上为你的域名申请免费 SSL 证书 | sprov','','https://blog.sprov.xyz/2019/04/25/apply-ssl-certificate-at-freessl/',1,'2020-02-29 08:01:52','2020-02-29 08:01:52','https://blog.sprov.xyz/favicon.ico'),(250,1,'bitwarden 密码管理器-docker安装','','https://post.smzdm.com/p/a25gk0m7/',2,'2020-02-29 08:20:48','2020-04-05 19:43:13','https://post.smzdm.com/favicon.ico'),(251,1,'www.6le.cc/','','https://www.6le.cc/idcSystem.aspx?',2,'2020-02-29 08:23:23','2020-03-08 11:14:37','https://www.6le.cc/favicon.ico'),(252,2,'谷歌','要翻墙的搜索网站','https://www.google.com.hk/',1,'2020-02-29 18:19:28','2020-02-29 18:19:28','https://www.google.com.hk/favicon.ico'),(253,2,'百度','A:百度一下你会死啊？B:会！','https://www.baidu.com/',1,'2020-02-29 18:19:28','2020-02-29 18:19:28','https://www.baidu.com/favicon.ico'),(254,2,'微博','随时随地发现新鲜事','http://weibo.com/',1,'2020-02-29 18:19:28','2020-02-29 18:19:28','http://weibo.com/favicon.ico'),(255,2,'天猫','上天猫，就够了！','https://www.tmall.com/',1,'2020-02-29 18:19:28','2020-02-29 18:19:28','https://www.tmall.com/favicon.ico'),(256,2,'优酷','视频网站','http://www.youku.com/',1,'2020-02-29 18:19:28','2020-02-29 18:19:28','http://www.youku.com/favicon.ico'),(257,1,'Android Studio 集成 TFS，实现安卓移动开发的持续集成和交付（DevOps）','','https://www.cnblogs.com/danzhang/p/8457876.html',2,'2020-03-01 19:05:51','2020-03-09 08:24:52','https://www.cnblogs.com/favicon.ico'),(258,1,'toast,安卓提示弹窗','','https://github.com/GrenderG/Toasty',1,'2020-03-01 21:38:29','2020-03-01 21:38:29','https://github.com/favicon.ico'),(259,1,'popwindow安卓弹窗','','https://github.com/pinguo-zhouwei/CustomPopwindow',1,'2020-03-01 22:05:34','2020-03-01 22:05:34','https://github.com/favicon.ico'),(260,1,'HideKeyboard: 仿iOS输入法点击输入框以外区域 自动隐藏软键盘轻量级库','','https://github.com/yingLanNull/HideKeyboard',1,'2020-03-01 22:19:11','2020-03-01 22:19:11','https://github.com/favicon.ico'),(261,1,'GitHub 上受欢迎的 Android UI Library 整理二','','https://www.jianshu.com/p/d0f800a39010?utm_campaign=maleskine&utm_content=note&utm_medium=seo_notes&utm_source=recommendation',1,'2020-03-01 22:20:32','2020-03-01 22:20:32','https://www.jianshu.com/favicon.ico'),(262,1,'GitHub - yipianfengye/android-togetherMap: 实现高德地图的marker聚合功能','','https://github.com/yipianfengye/android-togetherMap',1,'2020-03-01 22:54:01','2020-03-01 22:54:01','https://github.com/favicon.ico'),(263,1,'GitHub上受欢迎的Android UI Library','','https://hndeveloper.github.io/2017/github-android-ui.html#%E7%8A%B6%E6%80%81%E6%A0%8F',1,'2020-03-02 09:51:27','2020-03-02 09:51:27','https://hndeveloper.github.io/favicon.ico'),(264,1,'下拉刷新 SmartRefreshLayout','','https://github.com/scwang90/SmartRefreshLayout/tree/master#%E7%AE%80%E5%8D%95%E7%94%A8%E4%BE%8B',3,'2020-03-02 21:47:32','2020-03-28 23:21:43','https://github.com/favicon.ico'),(265,1,'CodingEnding/PopupLayout: 通用弹出布局辅助库，允许开发者从顶部、底部、左侧、右侧和中心这五个位置弹出自己指定的View。The general pop','','https://github.com/CodingEnding/PopupLayout',1,'2020-03-03 00:10:37','2020-03-03 00:10:37','https://github.com/favicon.ico'),(266,1,'java中JSON转含泛型对象','','https://www.cnblogs.com/dushenzi/p/10908031.html',1,'2020-03-04 00:06:41','2020-03-04 00:06:41','https://www.cnblogs.com/favicon.ico'),(267,1,'该为你的Android Studio 打造一个炫酷的个性化主题了','','https://www.jianshu.com/p/e02ee207d9c4',1,'2020-03-04 10:14:09','2020-03-04 10:14:09','https://www.jianshu.com/favicon.ico'),(268,1,'Color Themes android studio主题 配色','','http://color-themes.com/?view=index',2,'2020-03-04 10:26:57','2020-03-04 12:39:32','http://color-themes.com/favicon.ico'),(269,1,'pptp openwrt做客户端添加静态路由走virtual**教程','','https://www.right.com.cn/forum/thread-178298-1-1.html',2,'2020-03-04 23:16:08','2020-03-09 08:24:40','https://www.right.com.cn/favicon.ico'),(270,1,'EthanCo/TangramDialog: Android 对话框，基于DialogFragment，可自定义布局及动画，可指定弹出位置(顶部、居中、底部)','','https://github.com/EthanCo/TangramDialog',2,'2020-03-06 16:37:35','2020-03-24 21:44:26','https://github.com/favicon.ico'),(272,1,'腾讯智图_图片压缩在线工具_在线制作webp','','https://zhitu.isux.us/',2,'2020-03-08 11:38:51','2020-03-09 09:19:53','https://zhitu.isux.us/favicon.ico'),(273,1,'Iconfont 阿里巴巴  图片素材库 图库 ','','https://www.iconfont.cn/home/index?spm=a313x.7781069.1998910419.2',8,'2020-03-08 11:44:36','2020-04-25 22:56:08','https://www.iconfont.cn/favicon.ico'),(275,1,'Plugins | JetBrains android studio 插件搜索','','https://plugins.jetbrains.com/',1,'2020-03-09 18:48:40','2020-03-09 18:48:40','https://plugins.jetbrains.com/favicon.ico'),(276,1,'时间选择器: 自定义View实现一个好用的日期时间选择器','','https://github.com/jzmanu/MDatePickerSample',2,'2020-03-11 23:31:57','2020-03-18 17:24:54','https://github.com/favicon.ico'),(277,1,'lyyRunning/OkHttpUtilss: 这是一个简单的 OkHttp 封装','','https://github.com/lyyRunning/OkHttpUtilss',1,'2020-03-13 17:13:33','2020-03-13 17:13:33','https://github.com/favicon.ico'),(278,1,'VPS服务器安装Emby使用Rclone挂载GoogleDrive网盘组建完美多媒体中心（二） – Duke闲聊','','https://www.eocdo.com/archives/259.html',1,'2020-03-14 19:38:40','2020-03-14 19:38:40','https://www.eocdo.com/favicon.ico'),(279,1,'GitHub - donkingliang/ImageSelector: Android图片选择器，仿微信的图片选择器的样式和效果。支持图片的单选、限数量的多选和不限数量的多选。支持图片预览和图片文件夹的切换。支持在选择图片时调用相机拍照，也支持不用打开相册直接调用相机拍照。','','https://github.com/donkingliang/ImageSelector',1,'2020-03-16 12:45:52','2020-03-16 12:45:52','https://github.com/favicon.ico'),(280,1,'Android屏幕横竖屏切换和生命周期管理的详细总结_移动开发_wenzhi的博客-CSDN博客','','https://blog.csdn.net/wenzhi20102321/article/details/68941263?depth_1-utm_source=distribute.pc_relevant.none-task&utm_source=distribute.pc_relevant.none-task',1,'2020-03-17 10:47:54','2020-03-17 10:47:54','https://blog.csdn.net/favicon.ico'),(281,1,'Android MPAndroidChart使用，X轴标签自定义显示，坐标显示不全，换行显示_X坐标双行','','https://blog.csdn.net/YGinger/article/details/97265195',1,'2020-03-18 15:17:36','2020-03-18 15:17:36','https://blog.csdn.net/favicon.ico'),(282,1,'Android开发万能Utils（工具大全） - Blankj/AndroidUtilCode: Android developers should collect the following utils(updating).','','https://github.com/Blankj/AndroidUtilCode',1,'2020-03-19 23:23:45','2020-03-19 23:23:45','https://github.com/favicon.ico'),(283,1,'安卓android开发规范:star2: Best practices in Android develop(final).','','https://github.com/Blankj/AndroidStandardDevelop',1,'2020-03-19 23:55:32','2020-03-19 23:55:32','https://github.com/favicon.ico'),(284,1,'Android 流行框架查速表 - Android开发社区','','https://www.ctolib.com/cheatsheets-Android-ch.html',1,'2020-03-19 23:56:13','2020-03-19 23:56:13','https://www.ctolib.com/favicon.ico'),(285,1,'Android-应用开发课件.ppt','','https://max.book118.com/html/2018/1101/8074114040001131.shtm',1,'2020-03-26 22:33:28','2020-03-26 22:33:28','https://max.book118.com/favicon.ico'),(286,1,'高清电台|高清电影|电影字幕|在线播放|在线点播|磁力链|高清美剧|BT种子下载聚合网站','','https://gaoqing.fm/',1,'2020-03-29 13:41:37','2020-03-29 13:41:37','https://gaoqing.fm/favicon.ico'),(288,1,'简明 ASP.NET Core 手册','','https://windsting.github.io/little-aspnetcore-book/book/chapters/mvc-basics/update-the-layout.html',2,'2020-04-01 00:24:34','2021-03-21 13:36:52','https://windsting.github.io/favicon.ico'),(291,1,'导航 | 设计师网址导航，前端工具素材','','https://nav.iowen.cn/#term-2',1,'2020-04-04 21:07:21','2020-04-04 21:07:21','https://nav.iowen.cn/favicon.ico'),(294,1,'Portainer-202-docker可视化','','http://192.168.123.202:9010/#/containers',3,'2020-04-06 13:26:05','2021-02-04 23:17:26','http://192.168.123.202:9010/favicon.ico'),(295,1,'Bitwarden-密码管理','','https://bit.20200105.xyz/#/',1,'2020-04-06 13:26:45','2020-04-06 13:26:45','https://bit.20200105.xyz/favicon.ico'),(296,1,'基于宝塔Docker自建Bitwarden密码管理服务','','https://blog.csdn.net/u013854486/article/details/105313568/',1,'2020-04-06 13:58:30','2020-04-06 13:58:30','https://blog.csdn.net/favicon.ico'),(312,1,'.net core 模型验证问题_已解决_博问_博客园','','https://q.cnblogs.com/q/115963/',2,'2021-02-05 18:25:10','2021-02-08 21:00:02','https://q.cnblogs.com/favicon.ico'),(313,1,'在 Linux 发行版上安装 .NET | Microsoft Docs','','https://docs.microsoft.com/zh-cn/dotnet/core/install/linux',2,'2021-02-06 12:05:30','2021-02-07 22:21:18','https://docs.microsoft.com/favicon.ico');
/*!40000 ALTER TABLE `bookmark` ENABLE KEYS */;
UNLOCK TABLES;

--
-- Table structure for table `note`
--

DROP TABLE IF EXISTS `note`;
/*!40101 SET @saved_cs_client     = @@character_set_client */;
/*!40101 SET character_set_client = utf8 */;
CREATE TABLE `note` (
  `id` int(11) NOT NULL AUTO_INCREMENT,
  `user_id` int(11) NOT NULL,
  `content` text,
  `tag_id` int(11) DEFAULT NULL,
  `created_at` datetime DEFAULT CURRENT_TIMESTAMP,
  PRIMARY KEY (`id`)
) ENGINE=InnoDB DEFAULT CHARSET=utf8;
/*!40101 SET character_set_client = @saved_cs_client */;

--
-- Dumping data for table `note`
--

LOCK TABLES `note` WRITE;
/*!40000 ALTER TABLE `note` DISABLE KEYS */;
/*!40000 ALTER TABLE `note` ENABLE KEYS */;
UNLOCK TABLES;

--
-- Table structure for table `tag`
--

DROP TABLE IF EXISTS `tag`;
/*!40101 SET @saved_cs_client     = @@character_set_client */;
/*!40101 SET character_set_client = utf8 */;
CREATE TABLE `tag` (
  `id` int(11) NOT NULL AUTO_INCREMENT,
  `user_id` int(11) NOT NULL,
  `name` varchar(32) NOT NULL,
  `last_use` datetime DEFAULT CURRENT_TIMESTAMP,
  `sort` int(11) DEFAULT NULL,
  `pid` int(11) DEFAULT '-1' COMMENT '父id',
  `type` varchar(5) DEFAULT 'M' COMMENT 'M:书签目录，N笔记目录',
  PRIMARY KEY (`id`),
  KEY `userIdIdx` (`user_id`)
) ENGINE=InnoDB AUTO_INCREMENT=43 DEFAULT CHARSET=utf8;
/*!40101 SET character_set_client = @saved_cs_client */;

--
-- Dumping data for table `tag`
--

LOCK TABLES `tag` WRITE;
/*!40000 ALTER TABLE `tag` DISABLE KEYS */;
INSERT INTO `tag` VALUES (2,1,'未分类','2020-02-27 07:46:54',7,-1,'M'),(4,1,'程序','2020-02-27 07:46:53',18,-1,'M'),(5,1,'linux','2020-02-27 07:46:53',23,-1,'M'),(7,1,'电子','2020-02-27 07:46:53',21,-1,'M'),(8,1,'学习','2020-04-06 18:00:40',20,-1,'M'),(9,1,'图书','2020-02-27 07:46:53',19,-1,'M'),(16,1,'电子时钟','2020-02-27 07:46:54',3,-1,'M'),(18,1,'娱乐','2020-03-29 13:41:37',15,-1,'M'),(19,1,'工具','2020-02-27 07:46:54',12,-1,'M'),(20,1,'C#','2020-02-27 07:46:54',8,-1,'M'),(21,1,'软件','2020-02-27 07:46:54',5,-1,'M'),(22,1,'vps','2020-05-06 08:46:18',1,-1,'M'),(25,1,'博客','2020-02-27 07:46:54',9,-1,'M'),(26,1,'android','2020-03-26 22:33:28',0,-1,'M'),(27,1,'NAS','2020-04-06 13:27:01',2,-1,'M'),(31,1,'图片','2020-04-04 21:07:21',88,-1,'M'),(32,1,'net.core','2020-04-01 00:24:34',88,-1,'M'),(36,1,'界面','2021-01-31 23:21:46',NULL,26,'M'),(38,0,'ces222',NULL,NULL,26,''),(39,0,'测试五',NULL,NULL,26,''),(41,0,'测试目录4',NULL,NULL,-1,''),(42,0,'ve是',NULL,NULL,26,'');
/*!40000 ALTER TABLE `tag` ENABLE KEYS */;
UNLOCK TABLES;

--
-- Table structure for table `tag_bookmark`
--

DROP TABLE IF EXISTS `tag_bookmark`;
/*!40101 SET @saved_cs_client     = @@character_set_client */;
/*!40101 SET character_set_client = utf8 */;
CREATE TABLE `tag_bookmark` (
  `tag_id` int(11) NOT NULL,
  `bookmark_id` int(11) NOT NULL,
  PRIMARY KEY (`bookmark_id`,`tag_id`)
) ENGINE=InnoDB DEFAULT CHARSET=utf8;
/*!40101 SET character_set_client = @saved_cs_client */;

--
-- Dumping data for table `tag_bookmark`
--

LOCK TABLES `tag_bookmark` WRITE;
/*!40000 ALTER TABLE `tag_bookmark` DISABLE KEYS */;
INSERT INTO `tag_bookmark` VALUES (4,6),(4,7),(4,8),(5,9),(5,10),(5,11),(5,12),(5,13),(5,14),(5,15),(5,16),(5,17),(5,18),(5,19),(5,20),(5,21),(5,22),(5,24),(5,26),(5,27),(5,28),(5,29),(5,30),(7,35),(7,36),(7,38),(8,44),(8,48),(8,50),(8,51),(8,52),(8,53),(8,54),(36,57),(8,58),(8,62),(8,63),(8,64),(8,65),(8,66),(9,67),(9,68),(9,69),(9,70),(9,71),(9,72),(9,73),(9,74),(9,75),(9,76),(9,77),(9,78),(9,79),(2,119),(2,120),(2,121),(2,122),(16,136),(16,137),(16,138),(18,153),(18,154),(18,155),(18,156),(18,157),(18,158),(18,159),(18,160),(18,161),(18,162),(18,163),(18,164),(18,165),(18,166),(18,167),(19,168),(19,169),(19,171),(19,174),(19,175),(19,176),(19,177),(19,179),(19,180),(19,181),(19,182),(19,184),(19,185),(20,186),(20,187),(20,188),(20,189),(20,190),(21,191),(21,192),(21,193),(21,194),(21,195),(21,196),(21,197),(22,207),(22,208),(22,209),(26,234),(2,235),(2,236),(2,237),(2,241),(2,242),(2,243),(2,244),(2,245),(2,246),(2,247),(22,249),(27,250),(22,251),(28,252),(28,253),(28,254),(28,255),(28,256),(26,257),(26,258),(26,259),(26,260),(26,261),(26,262),(26,263),(26,264),(26,265),(26,266),(26,267),(26,268),(26,269),(26,270),(31,272),(31,273),(26,275),(26,276),(26,277),(27,278),(26,279),(26,280),(26,281),(26,282),(26,283),(26,284),(26,285),(18,286),(32,288),(31,291),(27,294),(27,295),(22,296),(36,312),(32,313);
/*!40000 ALTER TABLE `tag_bookmark` ENABLE KEYS */;
UNLOCK TABLES;

--
-- Table structure for table `user`
--

DROP TABLE IF EXISTS `user`;
/*!40101 SET @saved_cs_client     = @@character_set_client */;
/*!40101 SET character_set_client = utf8 */;
CREATE TABLE `user` (
  `id` int(11) NOT NULL AUTO_INCREMENT COMMENT '主键',
  `user_name` varchar(255) DEFAULT NULL,
  `password` varchar(255) DEFAULT NULL,
  `email` varchar(255) DEFAULT NULL,
  `created_at` datetime DEFAULT NULL,
  `last_login` datetime DEFAULT NULL,
  `is_admin` varchar(2) DEFAULT 'N' COMMENT '是否管理员',
  PRIMARY KEY (`id`)
) ENGINE=InnoDB AUTO_INCREMENT=2 DEFAULT CHARSET=utf8mb4;
/*!40101 SET character_set_client = @saved_cs_client */;

--
-- Dumping data for table `user`
--

LOCK TABLES `user` WRITE;
/*!40000 ALTER TABLE `user` DISABLE KEYS */;
INSERT INTO `user` VALUES (1,'doudou','E10ADC3949BA59ABBE56E057F20F883E','826397058@qq.com','2021-01-21 21:26:07','2021-01-21 21:26:10','Y');
/*!40000 ALTER TABLE `user` ENABLE KEYS */;
UNLOCK TABLES;

--
-- Dumping routines for database 'yueqianqian2'
--
/*!40103 SET TIME_ZONE=@OLD_TIME_ZONE */;

/*!40101 SET SQL_MODE=@OLD_SQL_MODE */;
/*!40014 SET FOREIGN_KEY_CHECKS=@OLD_FOREIGN_KEY_CHECKS */;
/*!40014 SET UNIQUE_CHECKS=@OLD_UNIQUE_CHECKS */;
/*!40101 SET CHARACTER_SET_CLIENT=@OLD_CHARACTER_SET_CLIENT */;
/*!40101 SET CHARACTER_SET_RESULTS=@OLD_CHARACTER_SET_RESULTS */;
/*!40101 SET COLLATION_CONNECTION=@OLD_COLLATION_CONNECTION */;
/*!40111 SET SQL_NOTES=@OLD_SQL_NOTES */;

-- Dump completed on 2021-03-21 13:54:57
